,City,Lat,Lng,Max Temp,Humidity,Cloudiness,Wind Speed,Country,Date
0,Bethel,41.37,-73.41,296.48,88,75,3.1,US,1591915860
1,Goderich,43.75,-81.72,293.71,62,0,7.15,CA,1591916401
2,Hilo,19.73,-155.09,301.15,61,75,5.1,US,1591915700
3,Topolobampo,25.6,-109.05,307.59,52,5,7.7,MX,1591916402
4,Provideniya,64.38,-173.3,286.79,51,51,2.13,RU,1591915966
5,Atuona,-9.8,-139.03,300.59,76,18,8.41,PF,1591915948
6,Hermanus,-34.42,19.23,280.37,93,37,5,ZA,1591915955
7,Puerto Ayora,-0.74,-90.35,300.15,54,20,7.7,EC,1591915948
8,Baoning,25.34,110.03,299.15,88,40,2,CN,1591916406
9,Necochea,-38.55,-58.74,285.37,90,0,3.58,AR,1591916148
10,Faanui,-16.48,-151.75,300.57,80,20,7.58,PF,1591915954
11,Rey Bouba,8.67,14.18,298.17,76,5,1.44,CM,1591916410
12,Polillo,14.71,121.94,299.56,86,100,5.78,PH,1591916410
13,Castro,-24.79,-50.01,290.44,94,6,1.89,BR,1591915706
14,Chu,43.6,73.76,288.19,57,0,3.34,KZ,1591916411
15,Busselton,-33.65,115.33,285.93,85,10,7.05,AU,1591915874
16,Sept-Îles,50.2,-66.38,282.59,100,90,6.7,CA,1591916412
17,Alofi,-19.06,-169.92,298.15,78,75,6.7,NU,1591916172
18,Ushuaia,-54.8,-68.3,274.15,80,90,8.2,AR,1591915753
19,Port Lincoln,-34.73,135.87,285.15,47,100,6.32,AU,1591915718
20,Mildura,-34.2,142.15,277.15,100,40,4.82,AU,1591916371
21,Wattegama,6.8,81.48,298.49,76,100,3.77,LK,1591916186
22,Constitución,-35.33,-72.42,286.08,92,100,10.98,CL,1591915949
23,Nikolskoye,59.7,30.79,288.15,77,75,1,RU,1591915954
24,Barrow,71.29,-156.79,277.15,51,75,3.6,US,1591915988
25,Sungai Penuh,-2.08,101.38,292,95,97,1.24,ID,1591916417
26,Butaritari,3.07,172.79,301.96,72,86,3.94,KI,1591915959
27,New Norfolk,-42.78,147.06,277.59,81,82,0.74,AU,1591915719
28,Taltal,-25.4,-70.48,286.98,82,15,2.03,CL,1591915974
29,Cherskiy,68.75,161.3,289.87,57,7,2.3,RU,1591915718
30,Botwood,49.15,-55.35,287.04,49,46,1.34,CA,1591916420
31,Saint-Philippe,-21.36,55.77,292.15,63,39,5.1,RE,1591915705
32,Bredasdorp,-34.53,20.04,282.15,81,29,3.83,ZA,1591915947
33,Bukachacha,52.98,116.92,289.39,48,41,1.04,RU,1591916421
34,Mataura,-46.19,168.86,279.82,75,44,5.81,NZ,1591915717
35,Harper,4.38,-7.72,298.87,86,96,4.48,LR,1591915951
36,Clyde River,70.47,-68.59,279.15,60,75,4.1,CA,1591915977
37,San Cristobal,7.77,-72.22,303.15,58,40,4.6,VE,1591916422
38,Paamiut,61.99,-49.67,276.33,79,72,4.18,GL,1591916008
39,Madang,-5.22,145.8,300.65,78,54,1.25,PG,1591916423
40,Vila Velha,-20.33,-40.29,299.15,78,0,3.1,BR,1591915803
41,Qaanaaq,77.48,-69.36,277.05,75,100,0.53,GL,1591915958
42,Sitka,57.05,-135.33,290.15,51,75,2.6,US,1591915983
43,Dikson,73.51,80.55,273,96,72,4.04,RU,1591915946
44,Saint George,37.1,-113.58,310.37,7,1,5.1,US,1591915722
45,Nuuk,64.18,-51.72,275.15,85,90,8.7,GL,1591915949
46,Saskylakh,71.92,114.08,283.13,63,100,5.07,RU,1591915986
47,North Platte,41.12,-100.77,302.59,28,1,2.6,US,1591916208
48,Balkhash,46.84,74.98,291.49,49,0,5.26,KZ,1591916426
49,Chuguyevka,44.17,133.86,293.02,51,58,3.09,RU,1591916426
50,Ca Mau,9.18,105.15,298.63,86,83,1.14,VN,1591916427
51,Flinders,-34.58,150.86,287.59,79,94,0.45,AU,1591915761
52,Povenets,62.85,34.83,281.65,66,1,2.06,RU,1591916427
53,Tasiilaq,65.61,-37.64,278.15,80,89,4.1,GL,1591915946
54,Porbandar,21.64,69.61,303.02,76,57,4.13,IN,1591915980
55,George Town,5.41,100.34,299.82,94,20,1.5,MY,1591915963
56,Punta Arenas,-53.15,-70.92,273.15,85,21,4.1,CL,1591915674
57,Palmas,-10.21,-48.36,301.15,58,53,1.5,BR,1591916429
58,Hobart,-42.88,147.33,278.71,86,75,2.1,AU,1591915806
59,Caluquembe,-13.78,14.68,284.84,40,100,1.04,AO,1591916429
60,Wasilla,61.58,-149.44,291.15,52,75,1.91,US,1591916430
61,São Filipe,14.9,-24.5,298.15,80,0,3.04,CV,1591916169
62,Albany,42.6,-73.97,302.59,51,45,3.01,US,1591915949
63,Linjiang,41.81,126.91,292.95,56,45,0.99,CN,1591916431
64,Cape Town,-33.93,18.42,281.15,93,20,4.6,ZA,1591916109
65,Mitú,1.2,-70.17,296.01,95,79,0.87,CO,1591916167
66,Great Bend,38.36,-98.76,307.15,28,1,8.2,US,1591916433
67,Hazorasp,41.32,61.07,293.15,49,0,2.1,UZ,1591916433
68,Lufilufi,-13.87,-171.6,300.15,94,90,1.5,WS,1591916434
69,Turaif,31.67,38.66,294.15,49,17,5.1,SA,1591915968
70,Ribeira Grande,38.52,-28.7,291.01,87,68,7.98,PT,1591915976
71,Fukuechō,32.69,128.84,297.42,90,25,3.98,JP,1591916313
72,Geraldton,-28.77,114.6,292.15,77,75,7.2,AU,1591916014
73,Lavrentiya,65.58,-171,280.38,70,8,3.52,RU,1591915973
74,Hasaki,35.73,140.83,298.15,94,75,3.1,JP,1591915704
75,Berlevåg,70.86,29.09,279.4,82,98,9.29,NO,1591916436
76,Bitam,2.08,11.5,293.07,99,90,1.44,GA,1591916437
77,Mahébourg,-20.41,57.7,295.15,68,40,5.7,MU,1591915721
78,Road Town,18.42,-64.62,301.48,85,100,0.45,VG,1591916070
79,Kapaa,22.08,-159.32,301.15,65,75,7.7,US,1591915947
80,Bluff,-46.6,168.33,280.37,73,71,6.26,NZ,1591915949
81,Auki,-8.77,160.7,302.64,68,0,1.38,SB,1591916147
82,Katsuura,35.13,140.3,297.59,88,75,10.3,JP,1591915983
83,Wittingen,52.73,10.74,289.26,93,75,3.1,DE,1591916439
84,Thunder Bay,48.4,-89.32,282.15,70,90,6.2,CA,1591916160
85,Östersund,63.18,14.64,285.15,54,0,2.1,SE,1591916394
86,Rikitea,-23.12,-134.97,297,79,0,7.39,PF,1591915718
87,Nioro,13.35,-15.75,302.22,57,62,3.89,GM,1591916440
88,Chokurdakh,70.63,147.92,285.63,50,100,5.13,RU,1591915977
89,Taoudenni,22.68,-3.98,309.8,13,0,4.27,ML,1591916326
90,Hamilton,39.18,-84.53,300.37,39,20,3.1,US,1591915936
91,Yellowknife,62.46,-114.35,285.93,58,90,6.2,CA,1591916248
92,Dickinson,29.46,-95.05,304.82,33,1,4.1,US,1591916009
93,Hithadhoo,-0.6,73.08,302.13,74,90,4.38,MV,1591915952
94,Naze,28.37,129.48,300.15,100,75,6.7,JP,1591916023
95,Esil,51.96,66.4,293.55,49,5,1.82,KZ,1591916442
96,Port Alfred,-33.59,26.89,281.48,96,50,3.58,ZA,1591915957
97,Tuktoyaktuk,69.45,-133.04,279.15,75,20,5.7,CA,1591915955
98,Solnechnyy,50.72,136.63,283.56,91,100,3.23,RU,1591916182
99,Lukulu,-14.37,23.24,287.16,41,37,1.61,ZM,1591915948
100,Avarua,-21.21,-159.78,300.15,83,53,2.6,CK,1591915952
101,Nome,64.5,-165.41,283.15,87,75,3.1,US,1591916328
102,Vardø,70.37,31.11,280.12,85,87,6.25,NO,1591916445
103,Puerto Quijarro,-17.78,-57.77,299.72,44,5,1.85,BO,1591916445
104,Norman Wells,65.28,-126.83,295.15,37,40,4.6,CA,1591915964
105,Calama,-22.47,-68.93,289.15,36,53,7.2,CL,1591916401
106,Arraial do Cabo,-22.97,-42.03,296.15,94,14,1.5,BR,1591915951
107,Thompson,55.74,-97.86,283.15,53,90,4.6,CA,1591915720
108,Mar del Plata,-38,-57.56,287.59,93,0,3.1,AR,1591915675
109,Saint-François,46.42,3.91,288.15,82,93,1,FR,1591915982
110,Salaga,8.55,-0.52,297.97,83,32,1.56,GH,1591916447
111,Jacareacanga,-6.22,-57.75,297.07,94,64,0.69,BR,1591915979
112,Vila Franca do Campo,37.72,-25.43,290.15,93,75,4.6,PT,1591915975
113,Kahului,20.89,-156.47,304.15,43,40,10.8,US,1591915921
114,Vaini,-21.2,-175.2,298.15,61,20,5.1,TO,1591915947
115,Melito di Porto Salvo,37.92,15.77,292.59,88,20,2.6,IT,1591916449
116,Carnarvon,-24.87,113.63,295.16,71,60,6.51,AU,1591915960
117,Cidreira,-30.18,-50.21,290.9,93,26,3.45,BR,1591915954
118,Alice Springs,-23.7,133.88,284.26,50,0,2.6,AU,1591916057
119,Torbay,47.67,-52.73,281.15,87,75,9.3,CA,1591915948
120,San Patricio,19.22,-104.7,303.15,74,40,6.2,MX,1591915968
121,Klaksvík,62.23,-6.59,282.15,81,0,0.5,FO,1591916155
122,Belaya Gora,68.53,146.42,286.46,60,100,6.12,RU,1591916154
123,Fatehpur,25.93,80.8,307.1,39,15,2.68,IN,1591916451
124,Odda,60.07,6.55,289.82,58,99,0.89,NO,1591916320
125,Fort Nelson,58.81,-122.7,297.15,31,75,4.6,CA,1591916161
126,Mahon,39.89,4.27,293.15,82,40,6.7,ES,1591916452
127,Deputatsky,69.3,139.9,285.78,58,83,2.83,RU,1591916168
128,Podor,16.65,-14.96,310.15,35,4,5.72,MR,1591915986
129,Saint-Pierre,-21.34,55.48,292.15,63,17,5.1,RE,1591915722
130,Luanda,-8.84,13.23,295.15,83,20,2.1,AO,1591916453
131,Mossamedes,-15.2,12.15,291.1,65,0,1.69,AO,1591915966
132,Bathsheba,13.22,-59.52,301.15,74,20,7.7,BB,1591916136
133,Khatanga,71.97,102.5,278.15,69,93,6.02,RU,1591915959
134,Ryōtsu-minato,38.08,138.43,294.15,94,75,1,JP,1591916454
135,Alyangula,-13.85,136.42,292.15,93,71,5.31,AU,1591916455
136,Edson,53.58,-116.44,294.15,28,1,3.6,CA,1591916455
137,Saldanha,-33.01,17.94,281.15,87,10,0.5,ZA,1591916141
138,Pathein,16.78,94.73,299.77,87,100,2.56,MM,1591916456
139,Sarmanovo,55.26,52.59,288.15,93,28,4,RU,1591916456
140,Iqaluit,63.75,-68.51,277.15,60,75,1.5,CA,1591915875
141,Ballina,-28.87,153.57,290.15,82,92,4.6,AU,1591916457
142,Kirkwood,38.58,-90.41,303.15,27,1,4.6,US,1591916457
143,Honningsvåg,70.98,25.97,279.46,82,71,10.38,NO,1591916013
144,Lompoc,34.64,-120.46,297.04,64,0,8.2,US,1591915712
145,Oriximiná,-1.77,-55.87,298.81,88,90,1.28,BR,1591916458
146,Praia,14.92,-23.51,302.15,45,0,3.6,CV,1591916458
147,Stephenville,32.22,-98.2,306.15,16,1,4.1,US,1591916271
148,Nemuro,43.32,145.57,288.17,79,31,7.67,JP,1591915965
149,Baillif,16.02,-61.75,301.15,69,40,4.6,GP,1591916460
150,Arawa,-6.21,155.54,302.8,63,94,1.7,PG,1591916460
151,Lagoa,39.05,-27.98,290.68,88,93,6.96,PT,1591916170
152,Burns Lake,54.23,-125.75,285.1,80,100,2.29,CA,1591916401
153,Moose Factory,51.26,-80.61,280.15,93,90,6.2,CA,1591915975
154,Mount Gambier,-37.83,140.77,276.15,93,77,3.6,AU,1591915863
155,Inhambane,-23.86,35.38,295.28,85,0,6.41,MZ,1591915705
156,Chapada dos Guimarães,-15.46,-55.75,303.15,40,0,2.1,BR,1591916178
157,Maple Creek,49.92,-109.48,297.4,34,38,2.96,CA,1591916462
158,Canavieiras,-15.68,-38.95,296.05,87,0,0.64,BR,1591916463
159,Bilma,18.69,12.92,307.04,11,0,4.23,NE,1591916167
160,Cabo San Lucas,22.89,-109.91,304.15,38,5,2.1,MX,1591915951
161,Pevek,69.7,170.31,276.05,92,74,0.53,RU,1591915958
162,Ponta do Sol,32.67,-17.1,292.15,68,40,1.5,PT,1591915977
163,Fethiye,36.62,29.12,291.15,93,0,1,TR,1591916464
164,Nelidovo,56.22,32.78,289.64,91,100,1.7,RU,1591916464
165,Lebu,-37.62,-73.65,284.57,81,43,6.17,CL,1591915973
166,East London,-33.02,27.91,286.74,51,7,14.02,ZA,1591915950
167,Bucerías,20.75,-105.33,301.15,74,90,4.1,MX,1591916466
168,Agadez,19.75,10.25,306.22,11,0,2.6,NE,1591916467
169,Mercedes,-34.65,-59.43,287.59,53,73,1.79,AR,1591916467
170,Mazatlán,23.22,-106.42,302.15,62,20,4.6,MX,1591916461
171,Esplanada,-11.8,-37.95,294.42,96,0,1.67,BR,1591916468
172,Jamestown,42.1,-79.24,294.82,49,1,7.7,US,1591915953
173,Erzin,36.96,36.2,294.82,84,54,0.45,TR,1591915713
174,Kol'chugino,56.3,39.38,290.61,95,43,1.36,RU,1591916469
175,Boende,-0.22,20.87,294.52,91,88,0.15,CD,1591916469
176,Sørland,67.67,12.69,280.91,81,10,4.36,NO,1591915991
177,Joigny,47.98,3.4,286.48,94,100,1.9,FR,1591916470
178,Adrar,20.5,-10.07,307.8,20,0,4.29,MR,1591915968
179,Chui,-33.7,-53.46,289.22,95,96,2.96,UY,1591915950
180,Salina,38.84,-97.61,307.04,25,1,4.6,US,1591916251
181,Lüderitz,-26.65,15.16,285.15,76,0,5.1,NA,1591915961
182,Guerrero Negro,27.98,-114.06,301.67,27,0,7.28,MX,1591915952
183,Sola,-13.88,167.55,300.56,82,63,10.13,VU,1591915954
184,Evensk,61.95,159.23,283.17,70,47,6.17,RU,1591915977
185,Oistins,13.07,-59.53,301.15,74,20,7.7,BB,1591916184
186,Saurimo,-9.66,20.39,289.05,45,82,1.16,AO,1591916473
187,Moree,-29.47,149.85,286.15,76,23,4.6,AU,1591915984
188,Buala,-8.14,159.59,302.18,75,89,3.88,SB,1591916164
189,Yelizovo,53.19,158.38,280.15,100,75,4,RU,1591916474
190,Half Moon Bay,37.46,-122.43,300.37,49,75,12.3,US,1591915964
191,Ambilobe,-13.2,49.05,291.68,81,3,1.53,MG,1591916184
192,Walvis Bay,-22.96,14.51,285.93,54,0,6.2,NA,1591916475
193,Inuvik,68.35,-133.72,295.15,33,20,2.6,CA,1591916154
194,Laguna,38.42,-121.42,308.71,17,1,3.6,US,1591916193
195,Saint Cloud,45.56,-94.16,298.15,29,40,8.7,US,1591916388
196,Deqing,30.54,119.96,302.04,83,40,1.21,CN,1591916476
197,Utete,-7.99,38.76,293.5,94,4,0.74,TZ,1591916476
198,Trelew,-43.25,-65.31,287.74,44,99,9.03,AR,1591916221
199,Manta,-0.95,-80.73,300.15,74,20,4.1,EC,1591915976
200,Pilar,-9.6,-35.96,297.15,94,37,2.1,BR,1591916477
201,Grand Gaube,-20.01,57.66,294.82,71,13,4.47,MU,1591916157
202,Ancud,-41.87,-73.82,280.93,93,75,4.6,CL,1591915967
203,Beringovskiy,63.05,179.32,282.36,59,28,2.64,RU,1591916011
204,Fortuna,40.6,-124.16,293.71,72,1,6.2,US,1591915964
205,Codrington,-38.27,141.97,280.73,83,80,3.19,AU,1591915981
206,Muros,42.78,-9.06,287.59,85,89,0.89,ES,1591916480
207,Port Elizabeth,-33.92,25.57,282.15,81,75,10.8,ZA,1591915720
208,Nokaneng,-19.67,22.27,285.68,42,0,5.84,BW,1591916154
209,Sorong,-0.88,131.25,299,87,89,2.45,ID,1591916139
210,Tiksi,71.69,128.87,279.5,68,32,3.11,RU,1591915950
211,Hong Kong,22.29,114.16,302.04,83,2,2.12,HK,1591915961
212,Vostok,46.49,135.88,286.74,81,57,3.46,RU,1591915962
213,Saint Paul Harbor,57.79,-152.41,286.15,66,90,6.2,US,1591915948
214,Upernavik,72.79,-56.15,273.16,97,98,11.29,GL,1591916137
215,Nampula,-15.12,39.27,289.23,98,0,0.92,MZ,1591916145
216,Navalgund,15.57,75.37,295.98,81,100,6.59,IN,1591916483
217,Vao,-22.67,167.48,295.3,71,78,8.43,NC,1591916166
218,Maxixe,-23.86,35.35,294.87,85,0,5.91,MZ,1591916484
219,Keetmanshoop,-26.58,18.13,279.15,70,0,2.6,NA,1591916484
220,St Albans,51.75,-0.33,286.48,93,90,4.6,GB,1591916485
221,Olafsvik,64.89,-23.71,281.38,80,100,3.87,IS,1591916189
222,Rāmtek,21.4,79.33,298.15,94,75,2.1,IN,1591916486
223,Ambon City,-3.7,128.18,297.15,94,75,2.6,ID,1591916486
224,Port Hedland,-20.32,118.57,293.15,52,90,3.1,AU,1591915968
225,Harar,9.31,42.13,288.86,94,88,2.37,ET,1591916486
226,Neijiang,29.58,105.06,298.91,74,87,0.61,CN,1591916193
227,Bolgatanga,10.79,-0.85,302.87,58,38,4.12,GH,1591916488
228,Conceição do Araguaia,-8.26,-49.26,302.15,66,28,1.5,BR,1591916451
229,Mananjary,-21.22,48.33,292.12,88,11,1.07,MG,1591916488
230,Winneba,5.35,-0.62,299.15,88,75,5.7,GH,1591916489
231,Sinjār,36.32,41.88,295.5,46,0,5.01,IQ,1591916489
232,Fuzhou,26.06,119.31,299.15,94,16,1,CN,1591916489
233,Pochutla,15.74,-96.47,306.15,55,20,2.98,MX,1591916009
234,San Quintín,30.48,-115.95,298.1,42,0,5.57,MX,1591915988
235,Ketchikan,55.34,-131.65,286.15,82,90,6.2,US,1591916163
236,Ust'-Ishim,57.69,71.17,290.59,77,90,2.48,RU,1591916491
237,Pijijiapan,15.7,-93.23,302.91,73,92,1.18,MX,1591916491
238,Richards Bay,-28.78,32.04,291.54,49,15,4,ZA,1591915696
239,Konstantinovka,49.62,127.98,290.35,66,6,2.91,RU,1591916492
240,Kumul,42.8,93.45,295.06,22,88,9.26,CN,1591915971
241,Oranjemund,-28.55,16.43,285.03,77,0,0.74,NA,1591916147
242,Port Hardy,50.7,-127.42,286.15,87,75,1.5,CA,1591916008
243,Raudeberg,61.99,5.14,286.48,84,83,5.87,NO,1591916160
244,Nizhnevartovsk,60.93,76.55,289.15,93,40,3,RU,1591916494
245,Cockburn Town,21.46,-71.14,301.07,71,33,4.71,TC,1591915803
246,Souillac,-20.52,57.52,295.15,68,40,5.7,MU,1591915711
247,Buraidah,26.33,43.98,305.15,19,0,7.2,SA,1591916495
248,Kūhdasht,33.53,47.61,295.67,22,0,1.98,IR,1591916496
249,Naryan-Mar,67.67,53.09,276.36,79,82,6.01,RU,1591915958
250,Welkom,-27.99,26.71,273.15,79,0,5.04,ZA,1591916496
251,Galveston,29.37,-94.97,305.15,35,1,2.6,US,1591916212
252,Afuá,-0.16,-50.39,297.98,91,86,2.22,BR,1591916497
253,Longyearbyen,78.22,15.64,276.15,86,75,6.7,SJ,1591915972
254,Sanremo,43.82,7.76,290.15,82,40,2.6,IT,1591916497
255,Namtsy,62.72,129.67,286.15,76,75,1,RU,1591916498
256,Nushki,29.55,66.02,295.46,17,0,2.24,PK,1591916465
257,Dongzhen,22.38,110.94,298.01,84,47,0.66,CN,1591916498
258,Safi,32.3,-9.24,292.17,70,0,3.03,MA,1591916009
259,Calvinia,-31.47,19.78,275.83,94,34,2.12,ZA,1591916499
260,Rize,40.9,40.89,282.46,85,66,1.53,TR,1591916499
261,Novorzhev,57.03,29.33,291.23,97,97,4.17,RU,1591916500
262,Pisco,-13.7,-76.22,292.15,82,0,8.2,PE,1591915956
263,Sokoni,-6.43,39.55,295.15,88,20,6.1,TZ,1591916500
264,Grindavik,63.84,-22.43,281.15,93,90,2.1,IS,1591915989
265,Broome,42.25,-75.83,297.15,47,1,4.1,US,1591916173
266,Taree,-31.9,152.47,289.26,93,90,2.6,AU,1591916502
267,Bilibino,68.05,166.44,288.87,61,97,1.14,RU,1591915959
268,Los Llanos de Aridane,28.66,-17.92,293.15,72,90,2.6,ES,1591916502
269,Anáhuac,27.23,-100.15,308.15,28,75,4.6,MX,1591916503
270,Westerland,54.91,8.3,290.15,82,96,5.7,DE,1591916503
271,Dayong,25.02,118.29,299.15,94,42,1,CN,1591916503
272,Kalmunai,7.42,81.82,299.83,74,100,1.56,LK,1591916504
273,Malbork,54.04,19.03,288.15,91,0,2.32,PL,1591916505
274,Kenai,60.55,-151.26,289.15,62,20,3.1,US,1591916505
275,Burriana,39.89,-0.09,298.71,40,1,0.89,ES,1591916462
276,Umarkot,25.36,69.74,303.09,69,0,6.37,PK,1591916506
277,Ukiah,39.15,-123.21,302.15,35,1,3.6,US,1591916490
278,Slave Lake,55.28,-114.77,295.15,40,1,5.1,CA,1591916377
279,Katobu,-4.94,122.53,297.64,93,100,1.32,ID,1591916173
280,Sulęcin,52.44,15.12,288.71,92,5,0.45,PL,1591916507
281,Gushikawa,26.35,127.87,301.15,88,75,5.7,JP,1591916508
282,Yar-Sale,66.83,70.83,277.79,71,5,4.03,RU,1591915978
283,Ola,59.58,151.28,281.99,81,100,3.14,RU,1591916157
284,Hobyo,5.35,48.53,299.65,73,96,9.93,SO,1591915946
285,Zhangaözen,43.3,52.8,300.12,17,0,6.76,KZ,1591916509
286,Biak,-0.91,122.88,297.35,86,93,0.1,ID,1591916509
287,Kawalu,-7.38,108.21,294.18,92,48,0.38,ID,1591916159
288,Kaitangata,-46.28,169.85,279.49,66,23,5.69,NZ,1591915947
289,Angoche,-16.23,39.91,294.83,77,0,1.96,MZ,1591915716
290,Severo-Kuril'sk,50.68,156.12,279.59,88,98,9.38,RU,1591915960
291,Murray,40.67,-111.89,305.15,18,1,4.1,US,1591916322
292,Vestmanna,62.16,-7.17,282.15,81,15,0.5,FO,1591916189
293,Verkhnyaya Inta,65.98,60.31,278.17,73,65,0.6,RU,1591916320
294,Itoman,26.12,127.67,301.15,94,75,5.1,JP,1591916512
295,Yemel'yanovo,56.17,92.68,288.15,87,97,3,RU,1591916512
296,Zyryanka,65.75,150.85,292.17,38,95,8.11,RU,1591916512
297,Esmeraldas,-19.76,-44.31,296.15,56,7,1.5,BR,1591916513
298,Mubi,10.27,13.26,299.87,53,16,1.73,NG,1591916513
299,Mangrūl Pīr,20.32,77.35,299.93,71,67,5.83,IN,1591916514
300,Pringsewu,-5.36,104.97,295.84,94,7,0.47,ID,1591916430
301,Denpasar,-8.65,115.22,297.15,100,20,1,ID,1591916326
302,Moshi,-3.35,37.33,291.15,93,75,0.77,TZ,1591916515
303,Yanam,16.73,82.22,297.76,93,100,3.78,IN,1591916515
304,The Valley,18.22,-63.06,302.15,69,20,4.1,AI,1591916062
305,Airai,-8.93,125.41,288.53,100,35,1.64,TL,1591915946
306,Doha,25.29,51.53,305.37,70,0,2.6,QA,1591916460
307,Chimbote,-9.09,-78.58,291.71,81,10,4.8,PE,1591915979
308,Ahipara,-35.17,173.17,288.56,63,98,3.02,NZ,1591916178
309,Panguna,-6.32,155.48,299.6,69,82,1.58,PG,1591916517
310,Boyolangu,-8.12,111.89,295.4,86,5,0.35,ID,1591916517
311,Yerbogachën,61.28,108.01,283.09,88,100,5.11,RU,1591916181
312,Zhob,31.34,69.45,298.74,19,0,1.72,PK,1591916427
313,Rome,43.21,-75.46,296.15,49,1,5.1,US,1591916518
314,Vestmannaeyjar,63.44,-20.27,282.7,92,100,6.07,IS,1591916165
315,San Juan,-31.54,-68.54,290.39,25,0,3.13,AR,1591915971
316,Manatí,18.43,-66.49,299.26,89,100,3.05,PR,1591916519
317,Manokwari,-0.87,134.08,301.19,68,13,1.72,ID,1591916176
318,Albion,42.24,-84.75,297.15,33,1,6.7,US,1591916519
319,Kontagora,10.4,5.47,293.76,84,81,4.41,NG,1591916520
320,Oodweyne,9.41,45.06,296.53,59,16,7.97,SO,1591915974
321,Cabedelo,-6.98,-34.83,298.15,94,20,2.6,BR,1591916521
322,Lata,40.16,-8.33,287.59,84,51,2.02,PT,1591916319
323,Pangoa,-12.12,-73,294.29,94,13,0.31,PE,1591916521
324,Serenje,-13.23,30.24,284.8,62,55,1.83,ZM,1591916022
325,Petrozavodsk,61.78,34.35,283.15,71,2,2,RU,1591916522
326,Westport,41.14,-73.36,294.82,94,90,4.1,US,1591915988
327,Gaza,31.5,34.47,293.71,80,0,1.07,PS,1591916523
328,Te Anau,-45.42,167.72,278.29,78,28,1.1,NZ,1591915703
329,Kidal,18.44,1.41,308.83,16,38,3.1,ML,1591916524
330,Ambanja,-13.68,48.45,293.12,75,22,1.8,MG,1591916524
331,Husavik,66.04,-17.34,287.15,54,40,9.8,IS,1591915973
332,Bacolod City,10.67,122.95,299.88,80,100,3.15,PH,1591916525
333,North Bend,43.41,-124.22,291.48,77,1,5.7,US,1591916418
334,Rosa Zarate,0.33,-79.47,298.85,85,73,1.68,EC,1591916526
335,Sioux Lookout,50.1,-91.92,280.15,75,90,5.1,CA,1591915907
336,Leticia,-4.22,-69.94,303.15,79,40,1,CO,1591916526
337,North Las Vegas,36.2,-115.12,312.15,5,1,6.2,US,1591916413
338,Roald,62.58,6.13,285.37,87,23,7.2,NO,1591916317
339,Khāsh,28.22,61.22,294.13,21,1,2.74,IR,1591915981
340,Bandarbeyla,9.49,50.81,301.59,61,42,14.15,SO,1591916187
341,Rajaori,33.38,74.3,297.9,32,0,3.41,IN,1591916528
342,Xai-Xai,-25.05,33.64,296.43,61,0,5.11,MZ,1591916528
343,Tortolì,39.93,9.66,290.15,88,5,3.1,IT,1591916316
344,Kavieng,-2.57,150.8,301.46,77,100,6.37,PG,1591915708
345,Honāvar,14.28,74.45,298.9,83,100,2.13,IN,1591916529
346,Nizhniy Tsasuchey,50.52,115.13,289.94,48,74,1.86,RU,1591916529
347,Kutum,14.2,24.67,297.23,19,0,1.8,SD,1591916530
348,Gamba,-2.65,10,295.91,89,34,2.81,GA,1591916186
349,Bengkulu,-3.8,102.27,297.05,89,2,2.3,ID,1591915967
350,Huarmey,-10.07,-78.15,291.88,79,48,4.39,PE,1591916163
351,Amuntai,-2.42,115.25,296.69,90,48,0.75,ID,1591916508
352,Esim,4.87,-2.24,298.37,87,96,4.15,GH,1591916531
353,Altay,47.87,88.12,285.75,41,0,1.39,CN,1591916531
354,Meulaboh,4.14,96.13,298.41,90,58,2.72,ID,1591916177
355,Daigo,36.77,140.35,302.04,83,75,1,JP,1591916532
356,Denia,38.84,0.11,298.71,40,2,4.02,ES,1591916532
357,Isangel,-19.55,169.27,300.15,61,75,5.1,VU,1591915993
358,Esperance,-33.87,121.9,288.15,87,90,7.7,AU,1591915720
359,Monzón,41.91,0.19,290.37,88,74,4.6,ES,1591916533
360,Sangar,63.92,127.47,283.84,73,95,1.08,RU,1591916511
361,Fairbanks,64.84,-147.72,295.93,32,1,2.6,US,1591916525
362,Ixtapa,20.7,-105.2,301.15,74,90,4.1,MX,1591916310
363,Oussouye,12.48,-16.55,302.15,78,0,2.1,SN,1591916166
364,Polson,47.69,-114.16,295.93,60,100,2.88,US,1591916534
365,Suba,10.84,121.01,301.26,67,100,1.21,PH,1591916535
366,Sharjah city,25.36,55.4,305.15,62,0,1.5,AE,1591916492
367,Sibiti,-3.68,13.35,293,98,53,1.23,CG,1591916527
368,Bambous Virieux,-20.34,57.76,295.15,68,40,5.7,MU,1591916020
369,Mount Isa,-20.73,139.5,290.15,36,0,3.1,AU,1591916430
370,Koindu,8.44,-10.33,294.58,97,97,1.55,GN,1591916536
371,Agüimes,27.91,-15.45,294.26,68,20,3.6,ES,1591916536
372,Jiazi,22.88,116.07,300.24,80,0,1.15,CN,1591916347
373,Ugoofaaru,5.67,73,301.94,75,100,5.72,MV,1591916537
374,Baruun-Urt,46.68,113.28,287.69,64,1,1.33,MN,1591916320
375,Warud,21.47,78.27,303.41,54,73,2.91,IN,1591916538
376,Province of Mantua,45.17,10.78,288.15,94,11,0.44,IT,1591916140
377,Nālūt,30.33,10.85,302.62,28,11,6.52,LY,1591916538
378,Mastic Beach,40.77,-72.85,293.15,88,90,3.6,US,1591916539
379,Port Keats,-14.25,129.55,296.9,59,63,4.41,AU,1591915967
380,Hambantota,6.12,81.12,300.44,82,96,7.48,LK,1591916539
381,Lubango,-14.92,13.49,284.43,36,0,0.6,AO,1591916526
382,La Ronge,55.1,-105.28,284.15,57,90,4.6,CA,1591915718
383,Paralímni,35.04,33.98,295.15,78,20,2.6,CY,1591916540
384,Coria,39.99,-6.54,285.37,69,0,0.45,ES,1591916541
385,Prince Rupert,54.32,-130.32,287.15,71,90,2.1,CA,1591916192
386,Mindelo,16.89,-24.98,298.15,83,20,8.7,CV,1591916541
387,Saint-Augustin,51.23,-58.65,281.91,58,100,10.26,CA,1591916151
388,Chesma,53.81,60.65,291.99,56,89,6.09,RU,1591916542
389,Orizari,41.92,22.45,285.37,93,64,1,MK,1591916543
390,Ozark,37.02,-93.21,302.04,41,0,1.17,US,1591916543
391,Hailey,43.52,-114.32,299.15,29,75,4.1,US,1591916543
392,Faya,18.39,42.45,296.15,37,77,1.56,SA,1591916178
393,Acarí,-15.43,-74.62,291.66,66,28,1.54,PE,1591916544
394,Sassandra,4.95,-6.08,298.39,88,100,2.69,CI,1591916544
395,Hay River,60.82,-115.8,285.15,71,75,4.1,CA,1591915993
396,Flin Flon,54.77,-101.86,282.15,70,90,1.5,CA,1591915961
397,Ampanihy,-24.7,44.75,291.5,62,0,4.1,MG,1591916144
398,Poum,-20.23,164.02,297.07,76,22,7.89,NC,1591915718
399,Tuatapere,-46.13,167.68,280.37,73,86,6.26,NZ,1591915984
400,Dwārka,22.24,68.97,302.73,78,56,5.04,IN,1591916531
401,Xingcheng,40.62,120.72,294.45,59,98,4.96,CN,1591916546
402,Orodara,10.95,-4.93,303.15,62,0,1,BF,1591916546
403,Kualakapuas,-3.01,114.39,296.4,94,44,1.14,ID,1591916546
404,Bulgan,48.81,103.53,279.88,65,38,2.6,MN,1591916547
405,Leh,34.17,77.58,281.54,53,5,2.59,IN,1591916170
406,Nikšić,42.77,18.94,290.15,93,30,1,ME,1591916285
407,Chara,56.91,118.26,287.99,46,28,1.89,RU,1591916320
408,Virginia Beach,36.85,-75.98,298.71,78,90,7.2,US,1591915698
409,Southbridge,42.08,-72.03,294.26,97,100,0.89,US,1591916548
410,Kuldīga,56.97,21.96,291.15,88,90,5.1,LV,1591916548
411,Erzurum Province,40,41.5,289.15,44,40,5.1,TR,1591916549
412,Whitecourt,54.15,-115.69,295.15,35,75,1,CA,1591916510
413,Nizhniy Kuranakh,58.84,125.49,287.38,62,47,2.22,RU,1591915712
414,La Asuncion,11.03,-63.86,304.15,55,99,8.2,VE,1591916550
415,Tamandaré,-8.76,-35.1,298.74,85,99,4.76,BR,1591916550
416,Tadine,-21.55,167.88,296.35,69,64,7.4,NC,1591916181
417,Tessalit,20.2,1.01,309.6,13,5,4.58,ML,1591915963
418,Río Gallegos,-51.62,-69.22,271.15,86,1,5.1,AR,1591916015
419,Tateyama,34.98,139.87,297.59,88,75,10.3,JP,1591916167
420,Dawei,14.08,98.2,298.65,84,90,0.59,MM,1591916551
421,Yangi Marg`ilon,40.43,71.72,292.15,45,98,2.1,UZ,1591916510
422,Porto-Novo,6.5,2.6,300.15,83,40,6.7,BJ,1591916171
423,Asău,46.43,26.4,288.71,84,97,1.18,RO,1591916164
424,Cabo Rojo,18.09,-67.15,300.93,78,100,0.45,PR,1591916553
425,Avera,33.19,-82.53,305.15,52,40,3.6,US,1591915961
426,Masallātah,32.62,14,294.79,76,56,4.48,LY,1591916553
427,Saint-Lô,49.12,-1.09,287.15,93,100,1,FR,1591916553
428,Yangambi,0.81,24.43,293.04,98,90,0.49,CD,1591916554
429,Melbu,68.5,14.83,280.37,79,100,3.58,NO,1591916554
430,Ostrovnoy,68.05,39.51,279.37,87,100,7.61,RU,1591916554
431,Viedma,-40.81,-63,288.4,66,100,7.31,AR,1591916555
432,Les Cayes,18.2,-73.75,300.57,74,100,2.06,HT,1591916555
433,Caravelas,-17.71,-39.25,296.02,91,1,1.94,BR,1591916138
434,Ambo,-10.13,-76.2,288.79,62,18,2.04,PE,1591916556
435,Comodoro Rivadavia,-45.87,-67.5,281.15,75,40,3.6,AR,1591916481
436,Ambunti,-4.24,142.84,299.62,86,47,0.33,PG,1591916556
437,Imbituba,-28.24,-48.67,292.15,100,40,1.5,BR,1591916499
438,Jalu,29.03,21.55,302.86,28,2,4.72,LY,1591916557
439,Boa Vista,2.82,-60.67,301.15,69,40,1,BR,1591916468
440,Lloydminster,53.28,-110,292.15,48,75,4.1,CA,1591916519
441,Presidente Médici,-11.18,-61.9,297.21,83,24,0.78,BR,1591916558
442,Christchurch,-43.53,172.63,283.15,70,100,6.2,NZ,1591916172
443,Chadiza,-14.07,32.44,286.81,74,49,0.75,ZM,1591916559
444,Morant Bay,17.88,-76.41,300.37,88,75,2.1,JM,1591916559
445,Abalak,58.13,68.59,288.49,91,94,2.62,RU,1591916560
446,Revda,56.8,59.93,285.15,100,4,1,RU,1591916560
447,Douala,4.05,9.7,298.15,100,75,2.1,CM,1591916560
448,Kaa-Khem,51.68,94.73,283.86,58,95,1.13,RU,1591916561
449,Ongandjera,-17.88,15.07,285.47,36,0,4.92,NA,1591916506
450,Tiznit Province,29.58,-9.5,288.32,76,14,1.98,MA,1591916525
451,Salalah,17.02,54.09,302.15,94,75,2.6,OM,1591915723
452,Kargasok,59.06,80.86,289.06,76,2,5.45,RU,1591916562
453,La Cruz,23.92,-106.9,303.15,63,44,3.58,MX,1591916562
454,Ubari,26.59,12.78,308.35,15,36,1.87,LY,1591916328
455,Caucasia,7.99,-75.19,299.81,82,1,1.92,CO,1591916563
456,La Providencia,28.72,-111.58,310.37,17,0,2.24,MX,1591916563
457,Karratha,-20.74,116.85,296.83,62,100,2.29,AU,1591916563
458,Kautokeino,69.01,23.04,278.51,77,80,0.42,NO,1591916542
459,Stranda,62.31,6.94,284.82,72,62,0.69,NO,1591916564
460,Aykhal,66,111.5,285.15,45,100,3,RU,1591916154
461,Lillesand,58.25,8.38,289.82,62,100,3.1,NO,1591916565
462,Breves,-1.68,-50.48,297.63,91,48,1.09,BR,1591916565
463,Sawtell,-30.38,153.1,291.15,72,75,6.2,AU,1591916565
464,Ngaoundéré,7.32,13.58,291.92,94,57,1.06,CM,1591916566
465,Oktyabr'skiy,54.48,53.47,288.33,92,16,1.63,RU,1591916566
466,Aquiraz,-3.9,-38.39,299.15,83,40,3.6,BR,1591916566
467,Perevoz,55.6,44.54,290.93,89,58,2.27,RU,1591916567
468,Ucluelet,48.93,-125.55,288.71,93,90,3.6,CA,1591916567
469,Atikokan,48.76,-91.62,286.83,46,49,5.15,CA,1591916555
470,Janów Lubelski,50.71,22.41,289.15,100,67,2.1,PL,1591916333
471,Waipawa,-41.41,175.52,287.59,71,100,0.89,NZ,1591915976
472,Cap Malheureux,-19.98,57.61,294.82,71,8,4.47,MU,1591916136
473,Kaduqli,11.02,29.72,297.57,63,97,0.8,SD,1591916569
474,Wallasey,53.42,-3.06,285.15,87,100,4.6,GB,1591916569
475,Cedar City,37.68,-113.06,304.15,5,1,8.2,US,1591916018
476,Greenville,35.61,-77.37,298.15,94,40,6.7,US,1591916351
477,Jerome,42.72,-114.52,304.26,11,1,4.1,US,1591916416
478,Guhāgar,17.48,73.19,299.96,83,100,1.39,IN,1591916570
479,Rodrigues Alves,-7.74,-72.65,299.26,59,75,0.59,BR,1591916156
480,Mangla,31.89,72.38,306.97,21,0,2.21,PK,1591916571
481,Zambezi,-13.54,23.1,286.11,51,24,1.03,ZM,1591916527
482,Anderson,34.53,-82.65,304.15,48,20,2.6,US,1591916571
483,Kharp,66.8,65.81,278.43,78,97,1.18,RU,1591916572
484,Havre-St-Pierre,50.23,-63.6,282.15,100,90,3.6,CA,1591916179
485,Challans,46.84,-1.87,286.15,100,78,2.6,FR,1591916572
486,Rawson,-43.3,-65.1,287.86,46,100,8.49,AR,1591916573
487,Sisimiut,66.94,-53.67,274.23,92,100,3.43,GL,1591916573
488,La Suiza,9.85,-83.61,294.15,77,75,6.2,CR,1591916573
489,Beipiao,41.79,120.78,296.24,42,68,3.78,CN,1591916573
490,Lancaster,40.25,-76.25,301.15,51,20,3.1,US,1591916062
491,Atambua,-9.11,124.89,296.13,85,76,2.12,ID,1591916505
492,Teterow,53.78,12.57,287.59,93,75,4.1,DE,1591916574
493,Coyhaique,-45.58,-72.07,277.15,100,75,0.36,CL,1591916575
494,Hervey Bay,-25.3,152.85,293.15,91,26,2.68,AU,1591916575
495,Lengshuitan,26.41,111.6,298.79,86,81,2.15,CN,1591915980
496,Pemba,-12.97,40.52,297.15,88,20,2.6,MZ,1591916577
497,Ewo,-0.87,14.82,296.78,85,83,0.71,CG,1591916577
498,Progreso,21.28,-89.67,303.71,74,75,3.1,MX,1591916568
499,Dubbo,-32.25,148.62,282.15,93,60,5.1,AU,1591916578
500,Pacific Grove,36.62,-121.92,297.04,53,1,3.6,US,1591916406
501,Srednekolymsk,67.45,153.68,290.56,52,100,3.55,RU,1591916164
502,San Luis,-33.3,-66.34,288,66,1,4.71,AR,1591916454
503,Bang Saphan,11.21,99.51,298.07,87,96,1.59,TH,1591916579
504,Emba,48.83,58.14,296.68,32,66,0.25,KZ,1591916579
505,Qandala,11.47,49.87,306.17,52,0,4.38,SO,1591916580
506,Manggar,-2.88,108.27,300.73,80,0,5.6,ID,1591916167
507,Lakselv,70.05,24.97,280.15,70,83,10.8,NO,1591916580
508,Arua,3.02,30.91,289.97,95,100,2.88,UG,1591916580
509,Mandalgovi,45.76,106.27,281.82,74,27,5.79,MN,1591916170
510,Ayan,56.45,138.17,280.36,81,47,1.75,RU,1591916581
511,Kruisfontein,-34,24.73,283.47,78,100,8.17,ZA,1591916328
512,Teacapan,22.55,-105.75,301.33,71,38,5.88,MX,1591916581
513,Mezen',65.85,44.24,277.73,72,58,4.91,RU,1591916582
514,Ratnapura,6.68,80.4,297.71,87,100,0.93,LK,1591916582
515,Jumla,29.27,82.18,286.37,68,49,0.93,NP,1591916582
516,Synya,65.37,58.04,277.63,71,14,1.01,RU,1591916583
517,Birjand,32.87,59.22,293.15,16,0,6.2,IR,1591916583
518,Whitewater,42.83,-88.73,295.93,49,90,4.1,US,1591916583
519,Umluj,25.02,37.27,301.29,49,0,4,SA,1591916176
520,Bonfim,3.08,-59.95,298.4,86,58,1.05,BR,1591916165
521,Kailua,21.4,-157.74,302.15,54,40,7.2,US,1591916584
522,Rocha,-34.48,-54.33,286.87,96,64,3.29,UY,1591915707
523,Duluth,46.78,-92.11,294.15,43,75,7.7,US,1591916585
524,Yenagoa,4.92,6.26,296.76,96,91,2.3,NG,1591916585
525,Borogontsy,62.67,131.17,288.26,67,79,1.58,RU,1591916585
526,Paita,-5.09,-81.11,292.9,76,0,8.56,PE,1591916586
527,Acapulco de Juárez,16.86,-99.89,303.15,74,40,5.1,MX,1591916586
528,Guatire,10.48,-66.54,296.48,87,78,0.93,VE,1591916586
529,Zhigalovo,54.81,105.16,282.9,89,100,3.15,RU,1591916586
530,Lukovetskiy,64.3,41.92,279.15,87,20,2,RU,1591916324
531,Riberalta,-10.98,-66.1,300.06,62,49,1.18,BO,1591916587
532,Ust-Nera,64.57,143.2,284.74,54,100,2.17,RU,1591915989
533,Vanavara,60.34,102.28,282.3,74,1,4.9,RU,1591916588
534,Den Helder,52.96,4.76,289.26,93,90,6.2,NL,1591916157
535,Zhangjiakou,40.81,114.88,290.07,69,78,1.13,CN,1591916589
536,Pittsburg,38.03,-121.88,304.26,37,96,2.24,US,1591916589
537,Yeppoon,-23.13,150.73,293.15,77,75,3.6,AU,1591916589
538,Curvelo,-18.76,-44.43,294.31,54,0,1.32,BR,1591916590
539,Koumra,8.91,17.55,297.99,72,23,2.7,TD,1591916590
540,Santa Isabel Rio Negro,-0.41,-65.02,297.11,95,64,2.08,BR,1591916580
541,Mabaruma,8.2,-59.78,298.14,87,99,1.39,GY,1591916164
542,Rørvik,64.86,11.24,282.36,84,0,6.07,NO,1591916585
543,Savelugu,9.62,-0.83,300.63,70,25,3.12,GH,1591916591
544,Englehart,47.82,-79.87,287.15,47,75,14.4,CA,1591916592
545,Lakhdenpokh'ya,61.52,30.2,285.93,67,3,3.64,RU,1591916592
546,Taku,39.02,117.65,295.15,68,100,2,CN,1591916592
547,Chicama,-7.84,-79.15,292.92,72,10,3.68,PE,1591916182
548,Carutapera,-1.2,-46.02,297.74,92,100,2.33,BR,1591916593
549,Alikovo,55.74,46.75,293.15,88,40,4,RU,1591916594
550,Port Macquarie,-31.43,152.92,287.59,93,90,2.6,AU,1591916522
551,Vanimo,-2.67,141.3,301.48,70,29,2.73,PG,1591916470
552,Shimoda,34.67,138.95,294.26,94,94,0.45,JP,1591916321
553,Muroto-misakicho,33.28,134.15,297.15,94,75,2.6,JP,1591916595
554,Tura,25.52,90.22,296.37,94,52,2.16,IN,1591916595
555,Nyurba,63.28,118.33,286.23,66,57,3.25,RU,1591916573
556,Dingle,11,122.67,299.29,81,100,2.77,PH,1591916191
557,Buchanan,5.88,-10.05,298.94,86,100,2.55,LR,1591916596
558,Farafangana,-22.82,47.83,293.51,85,46,4.74,MG,1591916596
559,Fuling,29.7,107.39,298.53,83,27,0.28,CN,1591916315
560,Yuncheng,35.02,110.99,297.57,68,81,0.19,CN,1591916596
561,Loviisa,60.46,26.23,283.15,95,2,2.95,FI,1591916597
562,Kismayo,-0.36,42.55,299.29,77,100,6.53,SO,1591916597
563,Daru,-9.08,143.21,299.83,88,66,6.45,PG,1591916165
564,Vizinga,61.07,50.1,282.32,73,82,3.19,RU,1591916598
565,Corinth,37.94,22.96,295.15,46,20,4.75,GR,1591916598
566,Vilcún,-38.65,-72.23,284.15,76,75,5.1,CL,1591916598
567,Dombegyház,46.33,21.13,290.37,100,100,3.1,HU,1591916598
568,Artyom,40.47,50.33,295.15,64,24,2.19,AZ,1591916599
569,Uitenhage,-33.76,25.4,282.15,81,75,10.8,ZA,1591916599
570,Lumsden,50.65,-104.87,297.15,29,20,6.2,CA,1591916599
571,Henties Bay,-22.12,14.28,285.93,78,0,0.89,NA,1591916145
572,Filingué,14.35,3.32,307.17,32,70,6.14,NE,1591916600
573,Thinadhoo,0.53,72.93,302.15,73,100,4.34,MV,1591916600
574,Neuquén,-38.95,-68.06,289.15,38,89,5.7,AR,1591916182
575,Sabang,5.89,95.32,301.96,75,88,3.93,ID,1591916601
576,Namatanai,-3.67,152.43,301.47,74,92,1.82,PG,1591916601
577,Wanning,18.8,110.4,300.68,84,28,3.54,CN,1591916184
578,Sines Municipality,37.96,-8.87,288.71,85,46,1.79,PT,1591916602
579,Mersing,2.43,103.84,298.15,100,78,3.1,MY,1591916462
